Description,Destination,Date,Hotel Stars
Trumpa viešnagė Londone: apsistokite 3★ viešbutyje Peckham Rooms Hotel,"Londonas, Jungtinė Karalystė",2024-03-14,3
Trumpa viešnagė Londone: apsistokite 3★ viešbutyje Peckham Rooms Hotel,"Londonas, Jungtinė Karalystė",2024-03-14,3
Trumpa viešnagė Londone: apsistokite 3★ viešbutyje Peckham Rooms Hotel,"Londonas, Jungtinė Karalystė",2024-03-14,3
Trumpa viešnagė Londone: apsistokite 3★ viešbutyje Peckham Rooms Hotel,"Londonas, Jungtinė Karalystė",,3
Trumpas pabėgimas į Vieną: apsistokite 3★ viešbutyje Hotel Mozart su pusryčiais,"Viena, Austrija",2024-03-26,3
Trumpas pabėgimas į Vieną: apsistokite 3★ viešbutyje Hotel Mozart su pusryčiais,"Viena, Austrija",2024-03-26,3
Trumpas pabėgimas į Vieną: apsistokite 3★ viešbutyje Hotel Mozart su pusryčiais,"Viena, Austrija",2024-03-26,3
Trumpas pabėgimas į Vieną: apsistokite 3★ viešbutyje Hotel Mozart su pusryčiais,"Viena, Austrija",,3
Trumpas pabėgimas į Vieną: apsistokite 3★ viešbutyje Hotel Mozart su pusryčiais,"Viena, Austrija",,3
Trumpas pabėgimas į Vieną: apsistokite 3★ viešbutyje Hotel Mozart su pusryčiais,"Viena, Austrija",,3
Trumpas pabėgimas į Vieną: apsistokite 3★ viešbutyje Hotel Mozart su pusryčiais,"Viena, Austrija",,3
Trumpas pabėgimas į Vieną: apsistokite 3★ viešbutyje Hotel Mozart su pusryčiais,"Viena, Austrija",,3
Trumpas pabėgimas į Vieną: apsistokite 3★ viešbutyje Hotel Mozart su pusryčiais,"Viena, Austrija",,3
Trumpas pabėgimas į Vieną: apsistokite 3★ viešbutyje Hotel Mozart su pusryčiais,"Viena, Austrija",,3
Trumpas pabėgimas į Vieną: apsistokite 3★ viešbutyje Hotel Mozart su pusryčiais,"Viena, Austrija",,3
